{
  "run_id": "run-2026-05-09T21-00Z",
  "excluded_cells": [],
  "h1": {
    "n_trials": 90,
    "n_pairs": 270,
    "excluded_cells": [],
    "mean_lr": 5.466666666666667,
    "lr_ci_lo": 5.129002594866105,
    "lr_ci_hi": 5.804330738467229,
    "lr_values": [
      6.0,
      5.333333333333333,
      5.666666666666667,
      8.0,
      9.0,
      6.333333333333334,
      9.0,
      8.0,
      9.0,
      7.0,
      6.333333333333334,
      6.0,
      6.0,
      6.0,
      5.0,
      6.333333333333334,
      4.333333333333333,
      4.0,
      4.333333333333333,
      5.0,
      4.666666666666667,
      6.0,
      4.333333333333334,
      5.0,
      4.0,
      2.9999999999999996,
      5.0,
      9.0,
      8.0,
      9.0,
      6.0,
      4.0,
      6.0,
      6.0,
      2.333333333333333,
      5.0,
      5.666666666666667,
      6.0,
      6.0,
      3.3333333333333335,
      7.0,
      3.0,
      6.0,
      4.666666666666667,
      5.666666666666666,
      6.0,
      4.0,
      7.0,
      4.0,
      6.0,
      6.0,
      4.333333333333333,
      3.0,
      5.0,
      6.0,
      6.0,
      6.0,
      5.333333333333333,
      2.6666666666666665,
      4.666666666666667,
      6.0,
      6.0,
      6.0,
      6.0,
      7.0,
      6.0,
      7.0,
      5.0,
      7.0,
      6.0,
      5.0,
      6.0,
      5.0,
      6.0,
      6.666666666666667,
      4.0,
      4.0,
      5.333333333333333,
      6.666666666666667,
      4.0,
      6.0,
      3.0,
      1.9999999999999998,
      1.0000000000000002,
      6.0,
      6.333333333333334,
      5.333333333333334,
      1.3333333333333335,
      6.0,
      3.0
    ],
    "mean_cold": 1.1592592592592592,
    "mean_post": 2.9814814814814814,
    "wilcoxon_W": 0.0,
    "wilcoxon_p": 2.663546783534222e-46,
    "cohens_d": 3.0840328058881084,
    "test1_pass": true,
    "test2_pass": true,
    "test3_pass": true,
    "h1_supported": true,
    "bonferroni_threshold": 0.0025,
    "bonferroni_pass": true
  },
  "h2": {
    "per_model": {
      "claude": {
        "n_trials": 30,
        "lr_values": [
          6.0,
          5.333333333333333,
          5.666666666666667,
          8.0,
          9.0,
          6.333333333333334,
          9.0,
          8.0,
          9.0,
          7.0,
          6.333333333333334,
          6.0,
          6.0,
          6.0,
          5.0,
          6.333333333333334,
          4.333333333333333,
          4.0,
          4.333333333333333,
          5.0,
          4.666666666666667,
          6.0,
          4.333333333333334,
          5.0,
          4.0,
          2.9999999999999996,
          5.0,
          9.0,
          8.0,
          9.0
        ],
        "mean_lr": 6.155555555555556,
        "ci_lo": 5.5277008950886035,
        "ci_hi": 6.783410216022508
      },
      "gpt55": {
        "n_trials": 30,
        "lr_values": [
          6.0,
          4.0,
          6.0,
          6.0,
          2.333333333333333,
          5.0,
          5.666666666666667,
          6.0,
          6.0,
          3.3333333333333335,
          7.0,
          3.0,
          6.0,
          4.666666666666667,
          5.666666666666666,
          6.0,
          4.0,
          7.0,
          4.0,
          6.0,
          6.0,
          4.333333333333333,
          3.0,
          5.0,
          6.0,
          6.0,
          6.0,
          5.333333333333333,
          2.6666666666666665,
          4.666666666666667
        ],
        "mean_lr": 5.088888888888889,
        "ci_lo": 4.629646386001724,
        "ci_hi": 5.548131391776053
      },
      "gemini": {
        "n_trials": 30,
        "lr_values": [
          6.0,
          6.0,
          6.0,
          6.0,
          7.0,
          6.0,
          7.0,
          5.0,
          7.0,
          6.0,
          5.0,
          6.0,
          5.0,
          6.0,
          6.666666666666667,
          4.0,
          4.0,
          5.333333333333333,
          6.666666666666667,
          4.0,
          6.0,
          3.0,
          1.9999999999999998,
          1.0000000000000002,
          6.0,
          6.333333333333334,
          5.333333333333334,
          1.3333333333333335,
          6.0,
          3.0
        ],
        "mean_lr": 5.155555555555557,
        "ci_lo": 4.563909417369063,
        "ci_hi": 5.747201693742051
      }
    },
    "cross_model_mean": 5.466666666666666,
    "cross_model_cv": 0.10930349316868905,
    "all_positive": true,
    "within_50pct": true,
    "cv_pass": true,
    "interaction_p": 1.7834797352517446e-05,
    "interaction_fail": true,
    "anova": {
      "method": "two-way-OLS-type2",
      "interaction_p": 1.7834797352517446e-05,
      "model_main_p": 0.00021428648396254438,
      "state_main_p": 1.2737589067920531e-214
    },
    "h2_supported": false,
    "bonferroni_threshold": 0.0025,
    "interaction_bonf_pass": false
  },
  "h3": {
    "n_pairs": 270,
    "test1_wilcoxon_W": 6348.0,
    "test1_wilcoxon_p": 0.34500807040883796,
    "test1_mean_diff": -0.050617283950617285,
    "test1_pass_prereg": true,
    "test1_pass_bonf": true,
    "test2_wilcoxon_W": 8.0,
    "test2_wilcoxon_p": 4.338569702731122e-48,
    "test2_mean_diff": 1.771604938271605,
    "test2_pass_prereg": true,
    "test2_pass_bonf": true,
    "h3_supported_prereg": true,
    "h3_supported_bonf": true,
    "bonferroni_threshold": 0.0125,
    "classification_match_rate": 0.8024691358024691,
    "deviation_note": "Chat-C scoring added post-hoc beyond HANDOFF-W9 scope to close the H3 rubric gap. Methodology consistent with pre-reg \u00a7 6.3. Disclosed in paper \u00a75 as deviation-by-elaboration."
  },
  "h4": {
    "n_trials": 18,
    "n_pairs": 54,
    "mean_lr": 0.0,
    "lr_ci_lo": 0.0,
    "lr_ci_hi": 0.0,
    "lr_values": [
      0.0,
      0.0,
      0.0,
      0.0,
      0.0,
      0.0,
      0.0,
      0.0,
      0.0,
      0.0,
      0.0,
      0.0,
      0.0,
      0.0,
      0.0,
      0.0,
      0.0,
      0.0
    ],
    "mean_cold": 3.0,
    "mean_post": 3.0,
    "wilcoxon_W": NaN,
    "wilcoxon_p": 1.0,
    "test1_pass": true,
    "test2_pass": true,
    "h4_supported": true,
    "bonferroni_threshold": 0.0125,
    "test1_bonf_pass": true
  },
  "human_kappa": {
    "n_trials_rated": 22,
    "cold_distinguishability_scores": {
      "kappa": 0.7122093023255813,
      "n": 66,
      "weights": "quadratic",
      "pass_07": true,
      "borderline": false,
      "low": false
    },
    "post_distinguishability_scores": {
      "kappa": NaN,
      "n": 66,
      "weights": "quadratic",
      "pass_07": false,
      "borderline": false,
      "low": false
    },
    "confabulation_severity": {
      "kappa": 0.41152263374485587,
      "n": 22,
      "weights": "quadratic",
      "pass_07": false,
      "borderline": false,
      "low": true
    },
    "refusal_of_collapse": {
      "kappa": NaN,
      "n": 66,
      "weights": "none",
      "pass_07": false,
      "borderline": false,
      "low": false
    },
    "decision": "panel-reliable",
    "primary_kappa": 0.7122093023255813
  },
  "stratified": {
    "per_stratum": {
      "author-coinage": {
        "n": 36,
        "mean_lr": 6.083333333333333,
        "ci_lo": 5.598196977294521,
        "ci_hi": 6.5684696893721455,
        "std": 1.4851112939963644,
        "cv": 0.24412788394460785
      },
      "self-ref-paper": {
        "n": 36,
        "mean_lr": 4.898148148148149,
        "ci_lo": 4.465073423162813,
        "ci_hi": 5.331222873133485,
        "std": 1.3257389540367444,
        "cv": 0.2706612609375584
      },
      "nonce": {
        "n": 18,
        "mean_lr": 5.37037037037037,
        "ci_lo": 4.40957656746395,
        "ci_hi": 6.3311641732767905,
        "std": 2.079746367419819,
        "cv": 0.38726311669196634
      },
      "positive-control": {
        "n": 18,
        "mean_lr": 0.0,
        "ci_lo": 0.0,
        "ci_hi": 0.0,
        "std": 0.0,
        "cv": NaN
      }
    },
    "ftest_novel_F": 5.22485821481546,